{
    "counter": {
        "ACTIVE": 64,
        "INACTIVE": 1,
        "INVALID": 0,
        "MALICIOUS": 0,
        "SANE": 0,
        "VALID": 0,
        "total": 65
    },
    "percentage": {
        "ACTIVE": 98.46153846153847,
        "INACTIVE": 3.3333333333333335,
        "INVALID": 0,
        "MALICIOUS": 0,
        "SANE": 0,
        "VALID": 0,
        "total": 101.7948717948718
    }
}