{
    "counter": {
        "ACTIVE": 102,
        "INACTIVE": 1,
        "INVALID": 0,
        "MALICIOUS": 0,
        "SANE": 0,
        "VALID": 0,
        "total": 103
    },
    "percentage": {
        "ACTIVE": 99.02912621359224,
        "INACTIVE": 1.639344262295082,
        "INVALID": 0,
        "MALICIOUS": 0,
        "SANE": 0,
        "VALID": 0,
        "total": 100.66847047588732
    }
}